ax,ay,az,gx,gy,gz
4,-1,5,0,0,0
-1,0,3,0,0,0
-1,-12,-9,0,0,0
-3,-3,-9,0,0,0
-12,-5,-5,0,0,0
-1,-6,4,0,0,0
-5,-10,-15,0,0,0
1,-12,-4,0,0,0
-8,3,-16,0,0,0
0,-5,-14,0,0,0
4,-9,7,0,0,0
-9,-5,4,0,0,0
-8,-4,-4,0,0,0
-3,0,0,0,0,0
-5,6,20,0,0,0
0,-8,-5,0,0,0
-8,-11,11,0,0,0
-5,-8,2,0,0,0
-6,-4,5,0,0,0
3,-10,-7,0,0,0
4,-12,5,0,0,0
4,-7,10,0,0,0
-11,-2,-3,0,0,0
-10,-7,-13,0,0,0
-6,1,0,0,0,0
-11,0,0,0,0,0
-11,-15,0,0,0,0
-8,-8,3,0,0,0
-12,-4,5,0,0,0
-10,-7,-5,0,0,0
11,-7,3,0,0,0
-1,-9,19,0,0,0
-7,0,-7,0,0,0
2,-7,23,0,0,0
-13,-1,1,0,0,0
-4,1,1,0,0,0
-1,4,-8,0,0,0
3,-7,-18,0,0,0
-6,5,-13,0,0,0
-13,-4,1,0,0,0
2,0,7,0,0,0
8,-10,-2,0,0,0
0,-1,-1,0,0,0
-16,2,0,0,0,0
27,-15,-40,0,0,0
-7,-24,2,0,0,0
19,18,-9,0,0,0
-43,-9,-11,0,0,0
15,20,6,0,0,0
-13,-21,-1,0,0,0
16,-1,7,0,0,0
3,-12,3,0,0,0
-23,-6,4,0,0,0
0,6,-4,0,0,0
-10,-14,-2,0,0,0
14,-5,-3,0,0,0
-6,-20,-2,0,0,0
-7,4,-17,0,0,0
-4,0,-6,0,0,0
-9,-7,-6,0,0,0
5,-7,17,0,0,0
-7,-5,-4,0,0,0
-9,1,-12,0,0,0
-1,122,-26,11,-2,4
35,91,-9,0,0,0
31,112,24,-3,0,1
-11,-4,9,0,0,0
-1,-15,-4,0,0,0
-34,-47,23,7,-1,0
25,91,6,0,0,0
7,42,4,-4,1,0
28,-253,25,1,0,-1
40,-64,-6,3,-1,-8
22,95,21,0,0,-9
298,115,-3,0,0,-8
199,26,-5,-1,0,-6
145,-413,4,-4,0,-9
169,-256,26,0,0,-16
10,-139,-1,1,0,-22
26,-89,41,0,-3,-27
152,-2,-12,0,0,-36
143,-171,2,1,0,-42
154,-301,-2,0,1,-49
111,-17,-4,2,2,-53
45,-4,-4,5,1,-56
-212,189,19,7,0,-50
-167,235,-65,2,0,-45
-190,277,90,3,0,-37
-75,224,24,3,-2,-30
-42,300,9,0,-2,-25
137,-45,-18,-5,-1,-20
158,-24,-112,2,-1,-17
-16,235,-84,-12,8,-17
-308,-4,-58,-8,9,-15
-294,-358,-174,18,8,-12
-442,306,145,5,8,-10
-535,206,-27,-8,-8,-3
-83,129,244,4,-15,-3
-418,49,-74,-3,-1,-1
-425,153,-218,-2,4,0
-216,45,-294,-7,0,0
-41,-169,25,-4,-11,-2
135,-204,-38,0,2,-4
-27,-31,28,-7,9,-6
-150,241,-31,-1,3,-10
-142,-326,150,8,0,-9
-148,-136,-55,11,-1,-2
-85,85,2,10,-2,-2
8,174,-86,11,0,-3
-102,184,58,-4,1,-1
-134,82,68,-3,-1,0
-100,93,44,0,-3,0
-45,111,-31,3,-3,0
-4,197,-84,0,-5,0
24,136,-47,2,-4,0
58,147,29,2,-5,0
137,271,347,2,-13,0
168,194,-38,0,-3,0
183,198,-23,0,0,0
187,215,-59,0,1,0
159,210,-40,-1,2,0
127,179,24,-1,4,0
88,188,88,0,1,0
103,186,16,0,0,0
124,214,19,0,-1,0
134,188,-21,0,-1,0
144,203,-20,0,0,0
141,192,-5,0,0,0
134,211,0,0,0,0
128,206,-14,0,0,0
118,220,22,0,0,0
118,211,-19,0,0,0
134,221,-12,0,0,0
130,218,-8,0,1,0
108,236,37,0,0,0
115,219,-14,0,0,0
119,230,-2,1,0,0
132,243,-5,0,0,0
132,238,-19,0,0,0
133,226,-49,1,0,0
114,242,-12,0,1,0
98,245,-5,0,1,0
91,257,-34,0,2,0
78,253,-14,0,2,0
56,250,-97,1,4,0
-12,242,-131,0,9,0
-118,313,-89,2,14,0
-226,292,-124,0,18,0
-405,298,-53,0,21,0
-576,310,-213,3,25,0
-835,303,-167,4,31,0
-1102,421,-44,6,30,0
-1317,361,-96,9,26,1
-1499,551,-146,6,24,0
-1695,559,-239,4,23,0
-1849,607,-362,2,25,0
-2068,597,-367,3,28,0
-2298,621,-411,1,29,0
-2484,613,-598,0,28,-1
-2748,626,-681,0,36,-2
-3056,638,-676,0,37,-2
-3334,651,-599,1,32,0
-3531,617,-798,-2,27,-2
-3562,528,-1112,-1,16,-2
-3770,531,-1011,0,15,-3
-3998,722,-928,0,19,-1
-4030,681,-1052,3,13,0
-4083,648,-1443,0,22,0
-4330,659,-1078,5,18,2
-4357,638,-1421,1,14,0
-4469,615,-1452,-1,15,-1
-4526,592,-1604,-7,13,-4
-4620,410,-1662,-11,16,-7
-4774,397,-1613,-14,16,-9
-4815,312,-1984,-15,21,-9
-5019,245,-1980,-13,27,-7
-5193,190,-2225,0,34,-1
-5545,150,-1798,8,30,3
-5573,160,-2258,6,18,3
-5657,150,-2380,4,15,0
-5831,159,-2261,0,12,0
-5806,179,-2460,-4,6,-2
-5811,104,-2466,-8,-1,-5
-5786,117,-2489,-6,-4,-3
-5739,70,-2594,-1,-5,0
-5718,26,-2512,0,-3,0
-5683,29,-2564,0,-1,0
-5684,49,-2492,0,0,0
-5686,45,-2525,0,0,0
-5686,47,-2475,1,0,0
-5686,45,-2521,0,0,0
-5702,68,-2469,0,0,0
-5700,58,-2474,0,0,0
-5694,66,-2444,0,-1,0
-5674,42,-2457,0,-1,0
-5661,59,-2476,0,0,0
-5669,46,-2469,0,0,0
-5660,36,-2477,0,0,0
-5650,52,-2459,0,0,0
-5653,37,-2488,0,0,0
-5651,37,-2485,0,0,0
-5665,55,-2465,0,1,0
-5677,46,-2429,0,0,0
-5669,58,-2459,0,0,0
-5670,65,-2451,0,0,0
-5668,70,-2483,1,0,0
-5671,72,-2472,2,0,0
-5680,89,-2438,0,0,0
-5670,97,-2462,0,0,0
-5669,94,-2463,0,0,0
-5674,87,-2433,0,0,0
-5658,87,-2495,0,0,0
-5656,89,-2458,0,0,0
-5659,74,-2477,0,0,0
-5664,90,-2450,0,0,0
-5654,91,-2457,0,0,0
-5665,82,-2471,0,0,0
-5664,86,-2482,0,0,0
-5674,87,-2461,0,0,0
-5663,94,-2471,0,0,0
-5669,82,-2481,0,0,0
-5670,88,-2454,0,0,0
-5673,98,-2499,0,0,0
-5675,95,-2448,0,0,0
-5674,124,-2508,0,0,0
-5665,114,-2493,2,0,1
-5692,102,-2464,0,0,0
-5675,127,-2457,0,0,0
-5676,127,-2510,0,0,0
-5679,126,-2465,0,0,0
-5683,126,-2466,0,0,0
-5673,128,-2496,0,0,0
-5685,131,-2485,0,1,0
-5703,152,-2491,0,1,0
-5695,142,-2519,1,1,0
-5707,150,-2522,1,2,0
-5715,166,-2558,1,1,0
-5725,175,-2591,2,3,1
-5771,182,-2525,1,4,0
-5788,197,-2580,0,3,0
-5785,211,-2683,0,5,0
-5838,211,-2641,0,6,0
-5864,210,-2808,0,8,0
-5905,190,-2961,0,14,0
-5984,272,-2986,2,21,0
-6135,246,-2991,4,20,2
-6228,398,-3259,6,25,2
-6380,362,-3387,2,26,3
-6476,418,-3757,7,33,4
-6744,365,-3717,4,40,1
-6898,466,-4017,1,38,-1
-7054,474,-4152,1,37,-1
-7158,484,-4533,0,35,-1
-7313,407,-4706,1,33,-1
-7414,425,-4956,0,30,-3
-7566,319,-5152,2,25,-2
-7469,489,-5454,2,26,0
-7644,421,-5514,1,24,0
-7648,402,-5807,-1,23,-2
-7548,369,-6119,0,22,-3
-7744,446,-6207,2,23,0
-7948,429,-6256,3,26,1
-7938,285,-6369,2,23,0
-7902,300,-6588,-3,17,-5
-7990,308,-6749,-3,15,-6
-7952,321,-6908,-2,14,-4
-7975,316,-7095,0,16,0
-7993,318,-7204,4,18,4
-8043,311,-7412,10,16,8
-8042,261,-7403,5,16,4
-8060,356,-7538,2,11,2
-8021,437,-7607,2,7,1
-8038,447,-7625,2,4,1
-7981,422,-7766,6,2,0
-8063,399,-7714,9,0,0
-8098,311,-7658,0,-5,-1
-8201,637,-7334,43,-11,0
-8056,553,-7593,18,-4,-1
-8023,466,-7596,3,2,0
-8043,478,-7600,7,3,1
-8055,425,-7665,3,3,0
-8021,341,-7758,6,1,0
-8006,725,-7670,10,1,3
-8062,531,-7601,9,2,3
-7953,1104,-7793,0,0,0
-7945,863,-7774,-9,-1,-2
-8147,-226,-7850,-4,0,1
-7946,678,-7972,-1,0,1
-8045,563,-7694,0,2,2
-8040,558,-7777,-1,2,3
-8045,587,-7747,0,2,4
-8151,569,-7686,0,2,3
-8032,637,-7795,-1,2,2
-8040,608,-7825,-3,3,2
-8046,657,-7845,-2,2,1
-8046,679,-7859,0,0,0
-8039,684,-7870,-1,0,0
-8027,689,-7876,0,0,0
-8014,719,-7884,0,0,0
-8063,493,-7942,-21,5,-1
-8040,681,-7873,-4,1,0
-8021,668,-7941,0,0,1
-8043,748,-7897,9,0,3
-8052,673,-7924,1,0,1
-8043,675,-7926,2,0,0
-8017,734,-7955,3,0,0
-8035,737,-7936,5,1,1
-8044,746,-7941,3,1,2
-8040,717,-7949,0,0,0
-8045,744,-7958,0,0,0
-8028,784,-7960,0,0,0
-8040,740,-7971,0,0,1
-8037,733,-7986,1,0,1
-8036,762,-7972,0,0,0
-8029,790,-7967,-1,0,0
-8040,760,-7970,-1,0,1
-8031,771,-7979,-1,0,0
-8043,733,-7973,0,0,0
-8032,793,-7974,1,0,0
-8040,767,-7973,0,0,0
-8035,758,-7977,0,0,0
-8036,756,-7968,0,0,0
-8036,755,-7989,0,0,0
-8033,783,-7999,0,0,0
-8056,727,-7947,0,0,0
-8021,784,-8016,0,0,0
-8035,741,-7956,0,0,0
-8023,804,-7987,0,1,0
-8046,741,-7964,0,0,1
-8027,767,-7998,0,0,0
-8048,771,-7995,0,0,0
-8026,794,-8001,0,0,0
-8024,815,-8012,0,0,0
-8034,774,-7990,0,0,0
-8024,782,-8018,0,0,0
-8031,798,-8010,0,0,0
-8020,834,-8021,0,0,0
-8026,824,-7999,0,0,1
-8040,784,-7993,0,0,0
-8022,828,-8012,0,0,0
-8040,797,-7998,0,0,0
-8014,837,-8016,0,0,0
-8020,850,-8016,0,0,0
-8043,809,-7988,0,0,0
-8030,835,-8037,0,0,0
-8050,832,-7969,0,0,0
-8041,847,-7985,1,0,1
-8032,861,-7972,0,-1,0
-8028,873,-7985,-1,-3,0
-8023,862,-7965,-2,-3,0
-8033,863,-7879,-2,-4,1
-8024,860,-7827,-3,-6,0
-8031,818,-7778,2,-10,0
-8007,936,-7748,0,-10,0
-7985,927,-7615,0,-9,1
-8009,863,-7491,0,-11,0
-7935,945,-7438,2,-16,0
-8041,887,-7217,0,-18,0
-7967,895,-7133,-1,-20,0
-7932,889,-7022,-6,-20,0
-7894,849,-6859,-2,-21,0
-7863,852,-6692,1,-21,0
-7842,895,-6459,-7,-19,0
-7778,905,-6377,-9,-17,1
-7739,907,-6270,-9,-16,2
-7654,919,-6143,-6,-15,4
-7696,841,-5984,-9,-14,4
-7653,822,-5907,-7,-13,2
-7614,819,-5856,-5,-10,1
-7614,827,-5815,20,-9,0
-7421,957,-5865,7,-2,0
-7563,926,-5728,1,1,0
-7590,952,-5670,1,2,0
-7581,967,-5672,0,0,0
-7592,962,-5701,0,0,0
-7578,945,-5705,0,0,0
-7582,941,-5697,0,0,0
-7569,945,-5722,0,0,0
-7573,946,-5705,0,0,0
-7586,958,-5687,0,0,0
-7604,946,-5700,0,0,0
-7599,949,-5712,0,0,0
-7585,959,-5706,0,0,0
-7581,952,-5744,0,0,0
-7580,934,-5731,0,1,0
-7605,922,-5733,1,2,0
-7595,986,-5726,1,2,0
-7611,994,-5720,0,1,1
-7598,992,-5757,0,0,1
-7629,951,-5750,0,0,0
-7598,982,-5768,0,0,0
-7607,982,-5743,0,0,0
-7618,988,-5753,0,0,0
-7602,967,-5761,0,0,0
-7606,988,-5768,0,0,0
-7609,973,-5750,0,0,0
-7603,985,-5755,0,0,0
-7615,963,-5753,0,0,0
-7598,970,-5784,0,0,0
-7608,985,-5758,0,0,0
-7608,990,-5765,0,0,0
-7616,962,-5781,0,0,0
-7605,978,-5785,0,0,0
-7607,968,-5761,0,0,0
-7598,989,-5775,0,0,0
-7608,959,-5739,0,0,0
-7613,974,-5781,0,0,0
-7608,976,-5778,0,0,0
-7603,995,-5776,0,0,0
-7604,998,-5789,0,0,0
-7609,982,-5791,0,0,0
-7611,973,-5778,0,0,0
-7605,1013,-5792,0,0,0
-7602,1006,-5789,0,0,0
-7611,1003,-5786,0,0,0
-7607,1012,-5793,0,0,0
-7603,1004,-5788,0,0,0
-7617,996,-5766,0,0,0
-7607,1051,-5768,-1,0,0
-7616,1048,-5669,-2,-3,1
-7592,1057,-5681,-4,-6,3
-7572,1058,-5587,-5,-8,4
-7550,1103,-5493,-10,-12,4
-7503,1082,-5361,-11,-16,6
-7460,1026,-5304,-15,-18,5
-7386,912,-5232,-19,-17,1
-7319,878,-5075,-39,-14,-3
-7321,682,-4812,-50,-13,-5
-7244,655,-4771,-2,-15,-7
-7197,703,-4771,9,-13,-3
-7154,761,-4675,-1,-9,-1
-7193,578,-4505,2,-8,0
-7084,571,-4431,1,-9,0
-7048,638,-4328,9,-10,0
-7012,846,-4284,29,-14,3
-6964,915,-4131,20,-17,6
-6868,984,-4021,5,-20,7
-6700,1046,-3989,5,-20,8
-6648,965,-3855,0,-20,6
-6597,973,-3769,13,-20,1
-6490,1157,-3737,13,-16,-2
-6443,1283,-3628,3,-12,0
-6381,1303,-3560,0,-8,1
-6369,1161,-3384,-2,-9,1
-6282,1201,-3302,0,-11,0
-6236,1234,-3204,0,-12,0
-6164,1279,-3213,0,-12,0
-6114,1161,-3092,1,-13,0
-6034,1243,-3091,2,-12,-1
-5996,1267,-3026,4,-10,-1
-5966,1305,-2927,2,-8,0
-5910,1291,-2896,0,-7,0
-5851,1242,-2753,-5,-6,0
-5812,1246,-2803,-14,-8,-1
-5778,1153,-2777,-9,-6,0
-5740,1095,-2745,-2,-4,0
-5743,1079,-2660,0,-2,1
-5727,1068,-2648,0,-2,0
-5714,1041,-2644,-1,-1,-1
-5712,1094,-2624,1,-1,-2
-5705,1119,-2606,1,0,-1
-5693,1113,-2629,2,0,0
-5709,1107,-2634,1,0,0
-5684,1112,-2630,0,0,0
-5714,1093,-2598,0,0,0
-5692,1110,-2639,0,0,0
-5687,1082,-2610,0,0,0
-5689,1107,-2646,0,0,0
-5704,1108,-2612,0,0,0
-5719,1120,-2590,0,0,0
-5715,1079,-2585,-1,0,0
-5699,1072,-2605,-1,0,0
-5686,1101,-2649,0,0,0
-5702,1071,-2602,0,0,0
-5704,1083,-2604,0,0,0
-5714,1068,-2593,0,0,0
-5698,1076,-2629,0,0,0
-5693,1100,-2608,0,0,0
-5695,1094,-2660,0,0,1
-5699,1071,-2587,1,0,0
-5699,1055,-2603,0,0,0
-5699,1083,-2579,0,0,0
-5691,1109,-2617,0,-1,0
-5692,1086,-2632,0,0,0
-5689,1045,-2591,0,0,0
-5689,1093,-2601,0,0,0
-5693,1094,-2613,0,0,0
-5674,1093,-2609,0,0,0
-5701,1089,-2620,0,0,0
-5691,1081,-2575,0,0,0
-5681,1062,-2615,0,0,0
-5683,1102,-2613,0,0,0
-5684,1115,-2569,0,0,0
-5684,1112,-2619,1,0,0
-5715,1076,-2536,0,0,1
-5654,1048,-2540,0,-1,0
-5627,1031,-2567,-1,-2,0
-5632,1073,-2523,0,-3,-1
-5633,1073,-2460,5,-6,-2
-5570,1285,-2346,7,-12,0
-5439,1220,-2355,6,-16,6
-5416,1250,-2255,-2,-20,6
-5282,1100,-2087,-15,-21,4
-5174,1042,-2078,-12,-23,0
-5011,886,-1879,-15,-21,-2
-4849,807,-1581,-5,-27,-6
-4691,934,-1551,-1,-34,-7
-4562,1076,-1393,-8,-33,-6
-4220,753,-1313,1,-34,0
-3933,920,-1176,9,-33,2
-3823,934,-1146,9,-34,5
-3542,1040,-1103,3,-29,6
-3350,1002,-925,-8,-25,8
-3243,894,-767,-7,-22,8
-2893,618,-710,1,-18,2
-2957,885,-820,-1,-19,-2
-2732,925,-623,-10,-21,-1
-2583,800,-567,-12,-20,0
-2399,659,-670,-5,-23,1
-2090,743,-258,-1,-16,0
-2162,707,-309,-3,-18,1
-2069,706,-251,-12,-17,3
-1735,485,-332,-6,-18,3
-1707,571,-241,-2,-18,1
-1511,517,-101,-2,-21,1
-1314,449,-209,0,-23,2
-1024,417,-228,1,-22,0
-970,483,-228,0,-18,-2
-854,533,-208,-3,-13,-3
-805,291,-233,-9,-8,-5
-820,409,-106,-2,-3,-9
-1040,529,-80,-5,-3,-6
-396,-113,147,-3,-4,-3
-630,431,-111,6,-4,-2
-622,422,-105,0,-2,1
-621,352,-136,2,0,3
-634,393,-86,4,3,2
-677,410,-8,1,1,2
-668,340,-22,0,0,1
-661,393,-29,-1,-1,0
-656,408,-33,2,-1,-1
-617,427,-62,1,-1,-1
-606,446,-71,0,-1,0
-617,471,-64,-2,-1,0
-583,390,-85,-1,0,1
-597,386,-31,-1,0,1
-595,409,-46,1,0,0
-590,389,-27,0,0,0
-595,368,-65,0,0,0
-601,431,-82,0,1,-1
-626,392,-38,0,1,0
-633,456,36,0,0,0
-602,399,-93,0,0,0
-610,436,-64,0,0,1
-609,387,-89,0,0,1
-624,407,-2,0,0,1
-636,347,-47,0,0,0
-616,410,-16,0,-1,-1
-607,408,-38,-1,-2,-1
-573,404,-68,0,-2,-1
-564,415,-89,1,-1,0
-544,397,-111,-1,0,0
-556,407,-76,0,1,0
-579,375,-16,0,1,0
-588,382,-31,0,0,0
-572,357,-50,0,0,0
-572,374,-75,0,0,-1
-579,434,-61,0,0,0
-594,404,-54,0,1,0
-614,392,10,0,0,0
-608,344,-40,0,0,0
-596,374,-9,-1,-1,0
-580,400,-37,0,-2,0
-548,364,-71,0,-1,0
-546,378,-35,0,-1,0
-538,375,-85,0,0,0
-544,356,-66,-2,0,0
-554,347,-37,0,0,1
-540,320,-24,0,0,1
-544,378,58,-1,-2,1
-499,296,-25,0,-4,1
-462,288,-108,1,-2,0
-474,308,-122,0,0,0
-489,347,-36,0,1,0
-488,356,-10,1,0,0
-503,329,-37,0,0,0
-488,335,-36,0,0,0
-481,321,-20,0,0,0
-476,339,-48,0,0,0
-496,347,-46,0,0,0
-487,326,-74,0,0,0
-487,329,-77,1,1,0
-496,375,5,0,1,0
-514,322,-48,0,1,0
-523,335,-91,0,2,0
-557,302,-135,1,5,-1
-631,363,-76,2,7,-1
-683,370,-64,1,7,-1
-724,365,-158,0,8,-2
-797,378,-156,0,12,-2
-930,347,-272,5,17,-3
-1108,467,-128,1,21,-3
-1265,360,-171,2,20,-3
-1435,430,-210,2,23,-4
-1604,454,-369,7,24,-5
-1832,494,-239,2,27,-5
-2046,454,-357,8,25,-5
-2257,635,-253,4,24,-6
-2395,499,-697,5,24,-6
-2616,653,-603,0,30,-5
-2856,616,-820,0,35,-4
-3160,554,-630,-8,35,-2
-3403,407,-864,-7,34,-2
-3666,372,-815,-12,32,-1
-3868,268,-953,-3,27,-1
-4027,258,-1164,-2,25,-2
-4215,230,-1070,2,21,-4
-4302,258,-1335,4,16,-5
-4435,301,-1232,0,13,-4
-4463,294,-1534,1,9,-3
-4547,264,-1597,-7,14,-2
-4656,199,-1524,-3,12,-1
-4724,184,-1670,-4,11,0
-4809,151,-1606,0,11,1
-4874,165,-1694,-5,9,1
-4919,63,-1795,-8,7,0
-4943,51,-1804,-7,6,0
-4985,27,-1884,-6,6,0
-5033,-18,-1790,-3,4,0
-5050,-32,-1840,0,1,1
-5060,-37,-1868,0,0,1
-5050,-22,-2002,0,1,0
-5081,-39,-1869,-1,2,0
-5087,-37,-1888,0,0,0
-5066,0,-1912,0,0,0
-5065,7,-1885,-3,-1,0
-5038,54,-2053,-4,1,2
-5083,-20,-1990,-9,5,3
-5120,-114,-1912,-4,4,4
-5147,-119,-1968,-3,3,3
-5173,-150,-1895,-3,1,2
-5158,-156,-1999,-1,-1,0
-5152,-123,-1958,-1,0,0
-5145,-119,-1998,0,0,0
-5132,-97,-1993,0,0,0
-5147,-134,-1988,0,0,0
-5148,-149,-1975,0,0,0
-5153,-133,-1990,0,0,0
-5139,-114,-2014,0,0,0
-5152,-126,-1942,0,0,0
-5145,-128,-2009,0,-1,1
-5138,-158,-1965,-1,0,0
-5128,-150,-2001,-1,-1,0
-5129,-147,-1936,-1,-1,0
-5115,-153,-1949,0,-1,0
-5107,-164,-1983,0,-1,0
-5103,-148,-1930,-1,-1,0
-5088,-154,-1954,-1,-1,0
-5082,-137,-1968,0,0,0
-5075,-168,-1943,0,0,1
-5087,-177,-1919,0,0,1
-5058,-160,-1939,0,0,0
-5076,-152,-1927,0,0,0
-5073,-169,-1886,0,0,0
-5061,-173,-1913,0,-1,0
-5048,-151,-1934,0,0,0
-5041,-155,-1910,1,0,0
-5028,-69,-2025,3,1,1
-5052,-97,-2077,1,7,2
-5125,-105,-2062,2,12,1
-5214,-76,-2110,13,12,-1
-5201,156,-2213,6,15,-2
-5346,172,-2432,0,19,0
-5509,129,-2462,9,25,3
-5677,183,-2572,12,27,5
-5884,269,-2717,15,33,6
-6043,363,-2909,9,33,4
-6213,513,-3138,7,34,2
-6401,608,-3382,9,35,2
-6580,568,-3484,11,34,3
-6750,651,-3595,9,30,2
-6853,735,-3863,10,27,0
-6922,610,-4132,8,26,0
-7006,861,-4521,12,29,1
-7161,853,-4555,15,32,2
-7303,1272,-4681,-1,29,1
-7339,839,-5074,-1,27,-4
-7492,736,-5055,6,24,-5
-7519,884,-5393,8,20,-5
-7590,896,-5453,3,20,0
-7617,913,-5601,7,13,1
-7639,972,-5730,16,8,3
-7684,903,-5677,4,4,3
-7656,955,-5798,2,1,2
-7663,942,-5775,-1,-1,0
-7618,1005,-5896,-2,-3,-1
-7624,960,-5818,-2,-3,0
-7613,948,-5835,-2,-3,-1
-7594,950,-5817,0,-1,0
-7604,937,-5799,0,0,0
-7596,956,-5808,1,1,0
-7644,936,-5720,1,0,0
-7612,953,-5783,0,0,0
-7619,956,-5774,0,0,0
-7609,946,-5800,0,0,0
-7628,909,-5773,1,0,0
-7609,935,-5761,0,0,-1
-7618,935,-5736,-1,0,0
-7602,928,-5840,0,0,0
-7613,934,-5817,0,1,0
-7627,950,-5776,1,1,0
-7609,956,-5852,1,2,1
-7619,961,-5821,2,3,1
-7643,964,-5828,2,2,0
-7645,989,-5867,2,2,0
-7646,1013,-5893,1,1,0
-7642,1018,-5930,1,2,0
-7650,985,-5892,0,0,0
-7645,957,-5931,0,0,-2
-7645,989,-5910,-4,0,-3
-7630,994,-6019,-6,2,-3
-7686,927,-5919,-1,4,0
-7672,924,-6051,0,5,0
-7682,948,-6084,-3,6,0
-7716,910,-6105,-2,8,-1
-7695,932,-6249,-3,9,-1
-7715,930,-6404,-1,13,0
-7744,954,-6510,6,18,2
-7771,944,-6575,15,18,2
-7838,1042,-6654,13,16,1
-7934,998,-6694,10,18,1
-7847,982,-6947,2,11,-1
-7949,989,-7020,-10,11,-3
-8016,970,-7006,-21,11,-3
-7952,1047,-7104,-12,12,0
-7928,1055,-7238,-16,12,2
-7996,817,-7331,-12,8,3
-7982,1003,-7433,12,3,4
-7955,975,-7389,12,2,4
-8016,915,-7382,6,1,1
-7966,1072,-7419,0,0,-1
-7981,949,-7413,0,-3,-4
-7999,970,-7319,0,-4,-5
-7941,1036,-7412,-5,-4,-5
-7898,1102,-7450,-15,0,-3
-8023,856,-7193,-26,6,0
-7996,832,-7595,-30,14,3
-8666,984,-7830,-15,28,15
-6633,678,-7880,10,14,11
-7664,1037,-7808,9,-1,2
-8175,1208,-7700,7,-5,3
-7934,1092,-7821,3,-5,1
-7938,1122,-7828,3,0,1
-8117,1201,-7793,4,4,2
-8081,1276,-7757,3,8,4
-7996,1172,-7850,2,9,2
-7925,1137,-7934,1,8,0
-7985,1128,-7967,-1,5,-5
-7982,1115,-7968,-1,3,-7
-7585,1134,-8179,3,0,-6
-8018,1161,-8089,8,-6,-3
-8146,1242,-7922,14,-4,0
-8100,969,-7916,-3,0,0
-8162,1035,-7846,2,0,1
-8022,1016,-7969,2,1,0
-7903,1089,-8005,-4,1,-1
-7943,2147,-6853,-81,9,-2
-7931,636,-7540,-21,7,3
-8058,702,-7699,16,0,1
-8029,662,-7884,70,-1,0
-8083,686,-7923,79,-3,-7
-8064,770,-7867,59,-5,-9
-7961,1230,-8170,66,-4,-4
-7957,1101,-8090,7,1,0
-7940,1072,-8097,-1,4,5
-8038,910,-8038,-19,5,7
-8082,767,-7975,-5,2,3
-8050,911,-8015,-1,-1,-1
-8043,895,-8000,-1,-3,-3
-7982,1000,-8096,0,-2,-2
-8027,871,-8011,0,-1,-1
-8026,886,-8024,0,-1,-3
-8001,929,-8013,0,0,-2
-8011,888,-7969,0,0,-1
-8023,859,-7996,0,0,0
-8019,852,-7971,0,0,0
-8027,850,-7942,0,0,0
-8014,866,-7952,0,0,0
-8072,769,-7895,0,-2,-1
-8015,877,-7949,0,-1,-2
-8009,878,-7931,0,-1,0
-8031,831,-7921,0,0,0
-8022,807,-7943,0,0,0
-8014,817,-7937,0,1,0
-8019,825,-7919,0,0,0
-7997,880,-7977,0,1,0
-8020,854,-7930,0,1,1
-8049,799,-7919,0,0,1
-8030,842,-7964,0,0,0
-8029,856,-7969,0,0,0
-8014,873,-7985,0,0,0
-8042,834,-7934,0,0,0
-8015,878,-7972,0,0,0
-8022,867,-7990,0,0,0
-8026,836,-7986,0,1,0
-8037,865,-7987,0,1,0
-8040,868,-7979,0,1,0
-8035,861,-7970,0,0,0
-8046,844,-7979,0,0,0
-8040,824,-7977,0,-1,0
-8021,865,-7988,0,0,0
-8028,858,-7965,0,0,0
-8055,831,-7931,0,0,0
-8039,826,-7956,0,0,0
-8044,807,-7949,0,0,0
-8008,851,-7970,0,-1,-1
-8028,839,-7912,0,0,0
-8023,825,-7952,-1,-1,0
-8034,772,-7925,0,0,0
-8041,790,-7908,0,0,-3
-7978,881,-7992,0,0,0
-8047,767,-7904,0,0,0
-8040,812,-7908,0,0,0
-8025,812,-7913,-1,0,0
-8034,793,-7908,0,0,0
-8028,776,-7945,0,0,1
-8032,810,-7956,0,0,0
-8021,826,-7941,0,0,0
-8031,794,-7927,0,0,0
-8034,791,-7920,0,0,0
-8033,803,-7918,0,0,0
-8018,827,-7928,0,0,0
-8015,827,-7936,0,0,0
-8048,800,-7916,0,1,0
-8027,830,-7912,0,0,0
-8020,843,-7929,0,0,0
-8027,815,-7908,0,0,0
-8036,814,-7915,0,0,0
-8015,856,-7922,0,0,0
-8035,824,-7894,0,0,0
-8018,827,-7927,0,0,0
-8028,824,-7922,0,0,0
-8017,852,-7883,0,0,0
-8017,841,-7902,0,-1,0
-8029,823,-7864,-1,-1,0
-8017,852,-7848,-1,-2,0
-8032,821,-7814,-1,-3,0
-8067,801,-7664,-4,-6,-1
-7978,903,-7798,-4,-8,0
-7993,815,-7746,-3,-5,2
-8010,808,-7651,-3,-4,1
-8013,847,-7581,-2,-3,0
-8021,836,-7512,-3,-5,1
-8024,831,-7451,-4,-6,1
-8033,742,-7317,0,-10,-1
-7999,844,-7240,0,-14,-3
-7967,882,-7125,5,-18,-2
-7908,961,-7065,2,-19,1
-7922,891,-6920,4,-18,5
-7953,914,-6840,6,-17,5
-7874,898,-6664,1,-16,4
-7870,992,-6569,11,-15,3
-7751,1112,-6477,4,-13,4
-7753,1058,-6263,-5,-14,4
-7734,1061,-6188,-7,-15,4
-7692,1069,-6077,0,-16,3
-7669,1068,-5891,-2,-17,1
-7602,1117,-5775,-4,-18,0
-7589,992,-5490,-6,-20,-1
-7523,909,-5350,2,-26,-7
-7439,1063,-5396,3,-26,-7
-7347,989,-5228,2,-23,-6
-7296,931,-5114,-2,-17,-6
-7250,955,-5006,-2,-11,-4
-7219,875,-4856,-6,-7,-3
-7209,819,-4710,-3,-6,-1
-7347,868,-4609,-3,-6,0
-7201,753,-4501,-1,-9,1
-6919,721,-4550,0,-10,0
-7088,695,-4356,-10,-12,-1
-7034,702,-4288,-7,-16,-3
-6975,670,-4140,-2,-18,-2
-6908,596,-3967,3,-22,-2
-6795,635,-3993,2,-23,-3
-6724,591,-3699,-1,-24,-3
-6592,602,-3653,-3,-24,-3
-6471,570,-3531,-2,-23,-1
-6343,631,-3570,0,-16,0
-6303,616,-3448,-8,-7,2
-6263,577,-3461,-10,0,4
-6299,336,-3220,-2,4,2
-6327,441,-3184,2,2,0
-6333,482,-3222,1,0,-1
-6317,499,-3280,5,0,0
-6326,520,-3245,5,0,0
-6336,582,-3237,0,0,0
-6330,499,-3213,1,-1,0
-6328,553,-3322,0,0,0
-6336,529,-3249,0,0,0
-6343,550,-3286,0,0,0
-6337,538,-3274,0,1,1
-6341,521,-3273,0,1,0
-6353,540,-3276,0,0,0
-6351,541,-3294,0,0,0
-6354,548,-3288,0,0,0
-6339,547,-3294,0,0,0
-6361,565,-3280,-1,0,0
-6347,564,-3323,0,0,0
-6355,543,-3271,0,0,0
-6364,574,-3285,0,0,0
-6355,558,-3300,1,0,0
-6347,540,-3297,0,0,-1
-6343,577,-3243,0,0,-1
-6342,589,-3264,0,-1,0
-6342,545,-3288,0,0,0
-6341,542,-3299,1,0,0
-6340,570,-3259,0,0,-1
-6341,581,-3232,0,0,-1
-6325,555,-3247,0,-1,0
-6328,546,-3251,0,-1,0
-6326,564,-3271,0,0,0
-6318,530,-3252,0,0,0
-6324,557,-3290,0,0,0
-6331,550,-3219,0,0,0
-6321,525,-3247,0,0,0
-6315,565,-3233,0,0,0
-6315,573,-3229,0,0,0
-6313,558,-3285,0,0,0
-6309,558,-3218,1,0,0
-6319,557,-3238,0,0,0
-6316,602,-3225,0,-1,1
-6297,546,-3161,-1,-3,0
-6281,585,-3164,0,-3,0
-6259,545,-3103,2,-4,-1
-6258,551,-2995,4,-7,-2
-6202,651,-3043,13,-12,-3
-6125,681,-2864,4,-15,-3
-6040,728,-2762,-5,-20,0
-5902,681,-2716,-2,-23,3
-5789,629,-2685,-19,-22,3
-5674,309,-2579,-8,-17,2
-5620,303,-2280,8,-18,-2
-5695,479,-1993,6,-25,-5
-5133,542,-2267,4,-29,-10
-5131,498,-2009,-11,-26,-8
-4951,381,-1999,-3,-23,-7
-4841,365,-1769,1,-22,-5
-4741,446,-1682,5,-19,-2
-4654,375,-1604,6,-17,0
-4424,445,-1441,1,-17,4
-4354,508,-1447,0,-15,3
-4305,504,-1217,0,-14,3
-4172,538,-1074,3,-19,5
-4076,636,-1023,0,-25,6
-3847,562,-1164,-5,-27,9
-3469,536,-1109,-12,-24,11
-3392,619,-986,-2,-22,12
-3190,486,-896,2,-20,11
-3050,570,-766,2,-18,10
-2984,547,-619,0,-19,6
-3183,708,-656,5,-21,2
-2676,651,-535,8,-21,4
-2525,921,-589,3,-20,4
-2313,849,-452,-6,-19,5
-2087,514,-486,-27,-20,4
-1994,415,-358,-14,-18,0
-2168,556,-325,-20,-14,0
-1860,129,-215,-14,-18,6
-1785,215,-390,-1,-14,4
-1525,207,-205,0,-14,-1
-1443,261,-191,0,-12,-1
-1314,307,-101,-2,-16,2
-1232,104,-226,0,-16,1
-1138,220,-125,0,-13,0
-1016,167,-168,0,-12,-1
-879,339,-88,-2,-11,0
-822,142,-164,-1,-8,0
-733,197,-179,0,-4,0
-730,187,-100,0,0,-2
-742,176,-139,0,0,-1
-777,176,-136,1,4,-3
-816,243,-41,1,4,-3
-842,228,4,0,2,-1
-831,226,-39,0,0,0
-849,159,-133,0,1,-1
-863,224,-26,0,0,0
-869,196,-77,0,0,0
-851,216,-76,0,0,0
-870,209,-44,0,0,0
-852,201,-86,0,0,0
-852,209,-30,0,0,0
-850,194,-134,0,0,0
-849,204,-59,0,0,0
-864,192,-51,0,0,0
-852,214,-36,0,-1,0
-830,219,5,0,-1,0
-837,197,-43,0,-3,0
-789,188,-68,0,-3,0
-747,185,-138,0,-2,0
-751,195,-99,0,1,0
-765,181,-63,0,1,0
-794,184,-13,0,1,0
-807,188,-67,0,0,0
-794,197,-77,0,0,0
-815,187,-67,0,0,0
-802,198,-67,0,0,0
-794,182,-57,0,0,0
-804,192,-95,0,0,0
-809,181,-47,0,0,0
-798,179,-54,0,0,0
-793,196,-40,0,-1,0
-782,190,-116,0,0,0
-770,190,-65,0,0,0
-784,211,-42,0,0,0
-771,159,-84,0,0,0
-778,192,-35,0,-1,0
-769,171,-45,0,-1,0
-748,168,-88,0,-1,0
-734,188,-55,0,0,0
-719,158,-78,0,0,0
-731,176,-47,0,0,0
-730,179,-49,0,0,0
-703,192,-72,0,0,0
-704,190,-58,0,0,0
-707,184,-55,0,0,0
-692,180,-73,0,0,0
-699,182,-97,0,1,0
-712,209,-45,0,2,-1
-733,185,-77,0,2,0
-772,258,24,0,3,0
-788,202,-49,0,0,0
-807,202,-34,0,0,0
-769,199,-89,0,0,0
-751,210,-92,0,0,0
-758,196,-75,0,0,0
-783,217,-59,0,1,0
-789,206,-82,0,0,0
-776,222,-207,0,2,0
-818,215,-97,-1,5,0
-849,191,-128,0,6,0
-907,189,-174,0,10,0
-1029,206,-163,0,12,0
-1120,165,-270,0,16,0
-1288,189,-233,-1,21,-1
-1474,208,-238,0,24,0
-1695,127,-232,2,26,0
-1882,165,-222,0,25,0
-2085,213,-253,0,22,-1
-2251,116,-352,0,20,0
-2367,184,-412,-2,18,-1
-2506,122,-466,-5,18,-2
-2653,111,-587,-7,22,-3
-2807,37,-534,-5,20,-2
-2952,-31,-646,-2,20,-2
-3131,4,-807,-5,22,-2
-3311,-84,-707,-3,23,-1
-3485,-111,-719,-3,19,0
-3555,-125,-977,0,18,0
-3718,-78,-986,-3,18,-1
-3839,-130,-1154,0,21,0
-3968,-120,-1283,-2,23,-1
-4148,-125,-1370,-2,27,0
-4400,-134,-1307,0,27,0
-4569,-176,-1357,-3,22,-1
-4679,-228,-1535,-6,19,-3
-4793,-262,-1645,-6,16,-3
-4889,-252,-1711,-4,16,-1
-4985,-392,-1765,-1,11,-1
-5033,-304,-1890,-1,10,-1
-5128,-367,-1753,-1,6,-1
-5119,-323,-1908,-1,1,0
-5116,-351,-1922,0,0,0
-5089,-366,-1971,1,-1,1
-5080,-349,-1988,1,0,1
-5090,-317,-1947,1,0,1
-5068,-281,-2001,3,1,2
-5089,-251,-1986,5,1,3
-5103,-202,-1984,7,2,4
-5121,-152,-2024,6,3,4
-5170,-96,-1946,5,3,3
-5169,-79,-2030,3,3,1
-5208,-36,-2025,2,4,0
-5218,-23,-2126,1,3,0
-5251,14,-2056,1,5,0
-5275,50,-2107,1,3,1
-5303,47,-2110,1,4,2
-5339,29,-2119,2,3,1
-5347,47,-2222,3,4,0
-5385,79,-2181,2,4,0
-5409,131,-2234,1,5,0
-5409,126,-2293,0,5,0
-5467,126,-2266,1,6,0
-5526,127,-2243,1,4,0
-5539,146,-2286,0,2,0
-5532,158,-2300,0,0,0
-5514,157,-2336,0,0,0
-5526,124,-2370,0,0,0
-5520,156,-2394,0,2,0
-5520,166,-2418,0,4,0
-5595,171,-2326,2,3,1
-5599,192,-2419,3,3,1
-5633,170,-2407,2,3,0
-5630,205,-2466,0,3,0
-5637,249,-2530,-1,5,0
-5727,187,-2414,1,5,0
-5721,222,-2523,1,3,0
-5736,240,-2503,0,2,0
-5741,257,-2560,0,1,0
-5758,233,-2584,0,2,0
-5782,224,-2562,0,0,0
-5756,207,-2627,0,1,0
-5767,261,-2585,-1,1,0
-5773,272,-2616,0,1,0
-5794,263,-2602,0,1,0
-5806,261,-2687,2,2,1
-5824,262,-2654,2,3,1
-5747,327,-2898,-5,6,0
-5922,271,-2700,2,10,0
-5963,360,-2732,6,10,1
-6018,375,-2852,5,9,2
-6072,447,-2957,7,11,2
-6099,441,-3041,7,11,3
-6152,470,-3238,9,16,2
-6266,553,-3166,4,16,1
-6372,530,-3205,4,15,0
-6435,660,-3288,0,11,0
-6442,593,-3520,0,10,2
-6557,530,-3422,3,11,1
-6532,624,-3664,4,11,-1
-6626,676,-3742,0,13,-1
-6664,650,-3860,0,16,0
-6748,640,-3924,4,17,0
-6773,743,-4169,3,20,1
-6968,672,-4080,5,19,2
-6992,783,-4281,7,17,2
-7083,761,-4339,6,14,1
-7097,849,-4486,6,13,2
-7173,843,-4609,7,13,2
-7205,836,-4671,7,12,0
-7224,940,-4791,5,12,0
-7305,950,-4839,3,11,0
-7306,935,-4965,5,10,0
-7309,989,-5099,4,9,0
-7382,950,-5137,6,11,0
-7396,1009,-5234,2,10,-1
-7444,1030,-5282,0,11,0
-7475,999,-5402,1,10,0
-7523,970,-5454,0,11,1
-7548,999,-5546,2,10,0
-7556,1025,-5628,3,10,0
-7582,1044,-5747,5,11,0
-7608,1038,-5858,3,13,0
-7564,1069,-6053,4,12,0
-7676,989,-6015,3,11,-2
-7875,1020,-5941,6,9,-3
-7753,956,-6162,3,10,-6
-7700,1069,-6363,-10,11,-6
-7829,961,-6391,0,13,-2
-7770,1029,-6508,5,14,0
-7885,886,-6496,1,15,1
-7919,846,-6641,-4,14,-1
-7881,875,-6803,-3,13,0
-8150,646,-6751,-8,14,-1
-7886,963,-7087,4,13,-1
-7876,871,-7252,-14,16,0
-8039,908,-7231,-17,16,3
-8049,570,-7193,79,18,5
-8049,651,-7244,-13,9,2
-8011,744,-7443,2,4,-1
-8002,805,-7507,4,5,-1
-8049,318,-7274,38,1,-1
-8000,884,-7579,41,0,0
-8023,897,-7646,11,0,0
-7977,914,-7680,1,2,0
-8012,866,-7657,1,2,0
-7995,890,-7729,0,3,0
-8001,882,-7699,0,3,0
-8020,890,-7706,0,2,0
-8023,872,-7692,0,1,0
-8005,881,-7738,0,0,0
-8000,894,-7765,0,0,0
-7984,953,-7788,-1,0,0
-8003,891,-7792,0,1,1
-8015,900,-7754,0,1,1
-8014,903,-7755,0,0,0
-8004,916,-7760,0,0,0
-8010,942,-7789,0,-1,0
-8006,921,-7769,0,0,0
-8002,909,-7789,0,0,0
-7992,929,-7787,0,0,0
-8017,936,-7756,0,0,0
-8010,932,-7764,0,0,0
-8006,941,-7787,0,0,0
-8015,908,-7791,0,0,0
-8017,934,-7791,0,0,0
-8005,927,-7763,0,0,0
-8009,925,-7763,0,0,0
-7997,922,-7780,0,0,0
-8002,935,-7793,0,0,0
-8010,924,-7784,0,0,0
-8005,940,-7788,0,0,0
-8003,927,-7790,0,0,0
-7987,987,-7790,0,0,0
-7997,955,-7761,0,0,0
-8013,935,-7776,0,0,0
-8010,945,-7770,0,0,0
-7999,944,-7793,0,0,0
-8000,931,-7784,0,0,0
-8002,964,-7735,0,0,0
-7989,967,-7752,0,0,0
-8005,944,-7742,0,-1,0
-8006,947,-7781,0,0,0
-8010,951,-7761,0,0,0
-7999,960,-7717,0,0,0
-8001,969,-7721,0,0,0
-8006,943,-7716,0,0,0
-7996,963,-7727,0,-1,0
-7996,953,-7717,0,0,0
-7998,961,-7716,0,0,0
-7991,977,-7713,-1,0,0
-7989,963,-7703,-1,0,0
-7999,943,-7699,0,0,0
-7999,980,-7628,0,-1,0
-7986,1025,-7621,-2,-3,1
-7980,1049,-7648,-3,-4,2
-7982,995,-7582,-3,-4,2
-7998,939,-7489,-3,-5,2
-7975,1036,-7501,-4,-5,0
-7985,1047,-7393,-4,-7,1
-7963,1073,-7336,-5,-8,3
-7963,1047,-7233,-7,-11,2
-7975,989,-7142,-6,-13,0
-7942,994,-7052,-7,-14,-1
-7922,998,-6917,0,-15,-3
-7828,1178,-6839,-4,-16,-1
-7863,986,-6623,-3,-17,0
-7842,1007,-6505,-3,-20,0
-7865,1075,-6296,-4,-22,0
-7666,981,-6188,14,-25,2
-7691,1056,-5958,-4,-26,1
-7622,973,-5776,-8,-26,0
-7548,983,-5650,-8,-25,0
-7558,951,-5465,-5,-22,-1
-7418,939,-5341,-4,-18,-1
-7371,881,-5116,-1,-16,-1
-7309,924,-5093,-2,-14,-3
-7284,893,-4907,-3,-12,-1
-7226,891,-4843,-1,-11,0
-7201,916,-4740,-5,-10,1
-7170,818,-4647,-9,-9,2
-7145,742,-4435,-9,-12,1
-7072,738,-4400,-6,-15,0
-6997,861,-4329,0,-17,0
-6913,915,-4270,-1,-16,2
-6895,780,-4155,5,-14,4
-6807,861,-4094,3,-11,4
-6773,839,-3974,4,-9,2
-6730,882,-3929,2,-7,0
-6696,802,-3852,-2,-8,-2
-6635,966,-3878,0,-6,-3
-6646,932,-3822,0,-4,-1
-6613,901,-3811,0,-1,1
-6630,874,-3720,0,0,1
-6621,796,-3705,0,0,-1
-7130,738,-3481,0,-3,-5
-6547,800,-3724,2,-7,-6
-6344,833,-3946,0,-3,-3
-6584,860,-3616,4,0,0
-6571,756,-3616,0,0,1
-6620,712,-3363,4,-3,-2
-6549,667,-3553,5,-10,-10
-6493,867,-3606,5,-8,-7
-6691,851,-3577,3,-7,-2
-6609,825,-3542,2,-5,3
-6028,687,-3635,0,0,2
-6442,584,-3261,-7,-2,-1
-6404,734,-3296,-5,-6,-4
-6278,681,-3418,-1,-6,-5
-6347,741,-3426,0,-3,-2
-6338,775,-3393,0,0,0
-6360,620,-3278,0,1,2
-6357,591,-3301,0,0,1
-6367,561,-3242,1,-1,-2
-6350,729,-3309,0,-1,-2
-6340,682,-3316,0,0,0
-6328,674,-3320,0,0,0
-6345,648,-3301,0,1,1
-6349,631,-3279,0,0,0
-6353,638,-3288,0,0,0
-6349,704,-3333,0,0,0
-6348,624,-3285,0,0,0
-6352,658,-3336,0,0,0
-6344,671,-3306,0,1,0
-6361,655,-3276,0,0,0
-6358,676,-3301,0,0,0
-6363,633,-3298,0,0,0
-6343,660,-3290,0,0,0
-6352,652,-3288,0,0,0
-6339,662,-3324,0,0,0
-6354,611,-3258,0,0,0
-6347,659,-3308,0,0,0
-6335,656,-3311,0,0,0
-6346,666,-3317,0,0,0
-6354,648,-3280,0,0,0
-6343,644,-3315,0,0,0
-6351,652,-3250,0,0,0
-6352,681,-3286,0,0,0
-6355,651,-3318,0,0,0
-6350,668,-3339,0,0,0
-6345,670,-3324,0,0,0
-6360,708,-3300,0,0,0
-6361,668,-3287,0,0,0
-6360,670,-3285,0,0,0
-6349,678,-3311,0,0,0
-6352,708,-3338,0,0,0
-6354,669,-3288,0,0,1
-6361,694,-3292,0,0,0
-6351,666,-3302,0,0,0
-6341,707,-3332,0,0,0
-6345,738,-3295,0,0,0
-6359,703,-3283,0,0,1
-6334,679,-3274,0,-1,0
-6340,701,-3292,0,-1,0
-6318,750,-3282,0,-1,0
-6311,686,-3237,4,-2,0
-6294,768,-3253,7,-3,-1
-6284,774,-3180,3,-3,-2
-6239,752,-3171,4,-5,-1
-6262,814,-2788,-4,-16,0
-6111,804,-3001,-4,-21,-1
-5769,649,-3115,-4,-19,-2
-5966,616,-2761,-1,-18,-1
-5850,553,-2597,1,-18,-5
-5942,647,-2353,7,-25,-6
-5460,608,-2453,15,-30,-6
-5385,780,-2212,5,-28,-6
-5241,792,-2148,-4,-29,-4
-5023,699,-2145,-8,-25,-2
-5120,781,-1841,-9,-20,2
-4845,488,-1737,-5,-19,5
-4652,512,-1523,3,-23,5
-4455,611,-1462,2,-26,4
-3987,488,-1294,7,-31,3
-4026,691,-1308,2,-31,0
-3942,787,-1157,0,-29,1
-3730,829,-1036,0,-27,4
-3524,838,-1032,-3,-24,8
-3193,803,-979,-5,-19,10
-3134,605,-981,-10,-13,6
-3115,530,-843,-10,-6,2
-3104,477,-550,-16,-8,0
-3030,434,-487,0,-14,-1
-2929,495,-506,6,-22,-1
-2811,699,-639,11,-21,1
-2569,755,-655,11,-17,4
-2267,548,-635,3,-13,4
-2263,733,-509,6,-8,-1
-2278,910,-384,-2,-8,0
-2205,732,-476,-8,-8,0
-2159,731,-414,-7,-6,0
-2118,582,-438,-2,-4,0
-2094,704,-387,5,-2,0
-2059,677,-452,0,0,0
-2094,649,-406,-1,2,0
-2127,634,-360,-4,3,-1
-2146,504,-340,-10,1,-2
-2157,489,-321,-8,0,-8
-2141,453,-266,-5,-5,-4
-2085,489,-395,2,-5,-2
-2038,482,-446,2,-2,-1
-2049,435,-362,-1,0,0
-2071,455,-325,-1,0,0
-2054,370,-310,-1,0,1
-2070,412,-356,2,0,0
-2057,424,-341,0,0,0
-2060,463,-331,0,0,0
-2059,406,-414,0,2,0
-2095,454,-308,-1,2,0
-2109,407,-325,1,1,0
-2127,443,-337,1,1,0
-2131,461,-301,0,0,0
-2120,456,-352,0,-1,0
-2101,446,-372,0,-1,0
-2104,466,-406,0,1,0
-2115,453,-342,0,1,0
-2132,467,-379,2,1,0
-2144,489,-295,0,0,1
-2135,425,-376,0,-1,0
-2110,461,-408,0,-1,0
-2123,521,-378,1,0,-1
-2124,525,-364,-1,0,0
-2135,475,-371,0,1,0
-2144,511,-342,0,0,0
-2153,521,-330,0,0,0
-2133,475,-397,0,0,0
-2132,482,-325,0,0,0
-2136,496,-317,0,-1,0
-2115,455,-385,1,-1,0
-2096,518,-342,0,-1,0
-2093,514,-395,2,0,0
-2100,529,-325,0,0,0
-2105,514,-316,0,-1,0
-2088,547,-325,1,-1,0
-2063,517,-377,0,-1,0
-2064,573,-330,0,-1,0
-2056,576,-304,0,-1,0
-2032,523,-303,0,-2,0
-2017,543,-306,0,-3,0
-1990,553,-313,0,-2,-1
-1953,564,-319,0,-3,0
-1943,583,-289,0,-3,0
-1914,589,-242,0,-4,1
-1858,560,-232,0,-6,1
-1803,569,-170,-2,-10,0
-1825,609,-142,0,-13,0
-1684,577,-193,-3,-14,0
-1457,540,-127,-2,-16,2
-1268,454,-264,0,-15,0
-1209,572,-205,0,-12,-2
-1121,532,-182,-1,-13,0
-1049,497,-215,2,-10,0
-1021,592,-129,0,-11,1
-891,499,-237,-2,-10,0
-818,567,-165,-2,-9,-1
-767,502,-140,-2,-7,0
-663,437,-94,-1,-3,0
-698,478,-138,-1,0,0
-722,483,-34,-3,0,1
-485,304,73,-5,-3,3
-617,368,-111,0,-2,0
-625,418,-96,0,0,0
-649,380,15,-1,0,0
-640,444,-12,-3,-2,0
-588,282,-4,-1,-4,1
-549,345,-59,-1,-5,3
-508,287,-76,0,-3,2
-490,339,-47,0,-2,1
-504,409,-5,-3,-3,2
-456,261,-49,-1,-2,0
-441,262,-30,-1,-2,0
-430,256,27,-1,-3,0
-364,242,-86,-1,-4,0
-365,252,-15,-1,-3,0
-324,228,-85,0,-1,0
-326,239,-40,0,0,0
-327,235,-24,0,0,0
-338,243,16,0,0,0
-335,234,-9,0,0,0
-319,213,-37,-1,0,0
-319,225,-14,0,0,0
-315,211,-32,0,0,0
-303,215,-41,0,0,0
-309,215,-18,0,0,0
-301,213,-30,0,0,0
-318,222,-28,0,0,0
-318,221,-7,0,0,0
-312,214,-18,0,0,0
-315,217,-9,0,0,0
-309,217,-7,0,0,0
-302,208,-48,0,0,0
-321,214,19,0,0,0
-308,215,-26,0,0,0
-303,222,-30,0,0,0
-290,215,-37,0,0,0
-318,217,9,0,0,0
-319,211,-22,0,0,0
-304,213,-22,0,0,0
-297,223,-17,0,0,0
-288,217,-36,0,0,0
-291,232,1,0,0,0
-294,212,-3,0,0,0
-282,216,5,0,0,0
-289,225,-12,0,-1,0
-262,219,-23,0,0,0
-268,223,-28,0,0,0
-264,230,-8,0,0,0
-262,219,-35,0,0,0
-276,223,-28,0,1,0
-297,212,28,0,0,0
-284,213,-10,0,0,0
-265,210,-14,0,-1,0
-244,226,-9,0,-2,0
-224,212,-57,0,-1,0
-225,224,-54,0,0,0
-238,215,3,0,0,0
-238,211,1,0,0,0
-242,217,-25,0,0,0
-259,216,-24,0,1,0
-279,217,14,0,1,0
-279,215,-8,0,0,0
-289,213,17,0,0,0
-277,212,-27,0,0,0
-286,215,4,0,0,0
-291,210,-37,0,0,0
-280,219,-31,0,0,0
-291,210,-3,0,0,0
-279,218,-13,0,0,0
-274,211,-6,0,0,0
-293,203,-16,0,0,0
-296,215,-39,0,0,0
-285,213,-19,0,0,0
-273,200,-47,0,0,0
-288,209,23,0,0,0
-288,219,-7,0,0,0
-273,206,-51,0,0,0
-265,216,-90,-2,2,0
-294,288,-81,-3,5,0
-392,190,53,-1,5,0
-440,274,159,3,0,1
-348,207,-93,6,-1,1
-354,556,-253,6,4,1
-437,379,-141,2,12,0
-608,325,112,0,8,5
-590,209,-127,1,7,3
-674,260,-57,1,8,0
-742,350,-3,2,8,-2
-806,516,176,-1,2,2
-758,243,-43,-10,0,0
-792,9,-224,1,1,1
-731,451,47,1,7,-2
-996,239,59,0,13,5
-972,118,-163,0,9,19
-1015,312,-215,-1,3,21
-992,541,57,1,-2,13
-1028,591,211,-1,3,4
-1214,222,136,-2,14,7
-1280,464,-337,-3,0,8
-1189,293,-253,-5,-17,8
-1016,227,-59,-5,-12,8
-969,200,-4,-4,-5,10
-915,249,-177,-9,-2,11
-899,156,-171,-14,2,14
-840,30,-262,-14,-6,14
-789,-57,-181,-10,-16,12
-563,-18,-120,-9,-18,13
-380,-172,-23,-9,-17,14
-219,-367,3,0,-10,13
-158,-230,-20,-1,-3,12
-240,-276,-149,-3,-3,10
-132,-500,242,0,-8,7
-147,-138,129,-1,-1,8
-195,-279,41,-4,-5,9
-191,-106,-53,1,-6,10
-250,12,53,-1,-5,19
-163,32,49,-4,-9,30
-167,-284,-20,-5,-10,35
51,-543,-70,-1,-9,33
83,-550,-120,1,-5,29
233,-503,-50,6,-2,24
331,-322,58,4,0,20
236,-296,-19,3,-1,17
182,-274,49,2,0,15
173,-304,-3,5,-2,13
238,-128,28,2,-2,12
201,-40,-84,0,0,14
168,-110,-52,0,3,16
152,-73,-16,-1,4,18
93,25,-15,0,5,22
3,-53,75,0,4,26
-160,83,25,1,2,32
-61,-41,-3,0,2,38
